rbdevtest__Bear__c,rbdevtest__Accessory__c
504628957433,230069580325
504628957433,852169750321
504628957433,623179485507
504628957433,796413285671
504628957433,006794190873
504628957433,495186243030
874352065266,549106637244
874352065266,006794190873
874352065266,798451619878
874352065266,146897121354
874352065266,649778451539
874352065266,495186243030
465130982352,623179485507
465130982352,796413285671
465130982352,798451619878
465130982352,495186243030
745212089765,865432105584
745212089765,852169750321
745212089765,86543659787
486521388470,623179485507
486521388470,006794190873
486521388470,798451619878
484859630625,006794190873
484859630625,958411125449
485462332198,230069580325
485462332198,865432105584
485462332198,549106637244
485462332198,006794190873
485462332198,146897121354
485462332198,649778451539
485462332198,958411125449
786532108696,230069580325
786532108696,798451619878
786532108696,649778451539
786532108696,495186243030
786532108696,958411125449
